Adjoint,Parametr shift
0.0001233945759862,0.0009110511944006
0.0003353501304664,0.0024726231566347
0.0009110511944006,0.0066928509242848
0.0024726231566347,0.0179862099620915
0.0066928509242848,0.0474258731775667
