Parllel processing,Sequential processing
0.0018221023888012,0.0468499564699939
0.0049452463132695,0.1259034697346409
0.0133857018485697,0.3319811122429674
0.0359724199241831,0.8344204541548229
0.0948517463551335,1.8825899495899656
0.2384058440442351,3.5
0.5378828427399902,5.117410050410034
